{"cameraMode":{"drawMode":0,"name":"Shaded","section":"Shading Mode"},"sceneLighting":false,"audioPlay":false,"sceneViewState":{"showFog":true,"showMaterialUpdate":false,"showSkybox":false,"showFlares":true,"showImageEffects":true,"showParticleSystems":true},"in2DMode":false,"pivot":{"x":2.086162567138672e-7,"y":0.4482842683792114,"z":1.1920928955078126e-7},"rotation":{"x":0.6549189686775208,"y":-0.17566998302936555,"z":0.16017656028270722,"w":0.7174890041351318},"size":0.6628705263137817,"orthographic":false}