{"cameraMode":{"drawMode":0,"name":"Shaded","section":"Shading Mode"},"sceneLighting":false,"audioPlay":false,"sceneViewState":{"showFog":true,"showMaterialUpdate":false,"showSkybox":false,"showFlares":true,"showImageEffects":true,"showParticleSystems":true},"in2DMode":false,"pivot":{"x":0.0,"y":0.3587821125984192,"z":2.384185791015625e-7},"rotation":{"x":0.2527693510055542,"y":-0.05525398999452591,"z":0.014114885590970517,"w":0.9659969210624695},"size":2.2089009284973146,"orthographic":false}