{"cameraMode":{"drawMode":0,"name":"Shaded","section":"Shading Mode"},"sceneLighting":false,"audioPlay":false,"sceneViewState":{"showFog":true,"showMaterialUpdate":false,"showSkybox":false,"showFlares":true,"showImageEffects":true,"showParticleSystems":true},"in2DMode":false,"pivot":{"x":0.0,"y":1.2554030418395997,"z":5.960464477539063e-8},"rotation":{"x":-0.3494722247123718,"y":0.04405196011066437,"z":-0.016186898574233056,"w":-0.9360492825508118},"size":2.028338670730591,"orthographic":false}