{"cameraMode":{"drawMode":0,"name":"Shaded","section":"Shading Mode"},"sceneLighting":false,"audioPlay":false,"sceneViewState":{"showFog":true,"showMaterialUpdate":false,"showSkybox":false,"showFlares":true,"showImageEffects":true,"showParticleSystems":true},"in2DMode":false,"pivot":{"x":3.8477113246917726,"y":3.6307475566864015,"z":-0.18530035018920899},"rotation":{"x":0.142720565199852,"y":-0.20478369295597077,"z":0.030201077461242677,"w":0.9679028987884522},"size":4.388154029846191,"orthographic":false}