{"cameraMode":{"drawMode":0,"name":"Shaded","section":"Shading Mode"},"sceneLighting":false,"audioPlay":false,"sceneViewState":{"showFog":true,"showMaterialUpdate":false,"showSkybox":false,"showFlares":true,"showImageEffects":true,"showParticleSystems":true},"in2DMode":false,"pivot":{"x":0.0,"y":0.3500000238418579,"z":5.960464477539063e-8},"rotation":{"x":0.11998877674341202,"y":0.025310222059488298,"z":-0.00311778811737895,"w":0.9925358295440674},"size":0.9062178134918213,"orthographic":false}