{"cameraMode":{"drawMode":0,"name":"Shaded","section":"Shading Mode"},"sceneLighting":false,"audioPlay":false,"sceneViewState":{"showFog":true,"showMaterialUpdate":false,"showSkybox":false,"showFlares":true,"showImageEffects":true,"showParticleSystems":true},"in2DMode":false,"pivot":{"x":-0.0020726919174194338,"y":0.6940510272979736,"z":-0.026961445808410646},"rotation":{"x":0.2542257010936737,"y":0.5429894924163818,"z":-0.1777920126914978,"w":0.7808080911636353},"size":1.5964090824127198,"orthographic":false}