{"cameraMode":{"drawMode":0,"name":"Shaded","section":"Shading Mode"},"sceneLighting":false,"audioPlay":false,"sceneViewState":{"showFog":true,"showMaterialUpdate":false,"showSkybox":false,"showFlares":true,"showImageEffects":true,"showParticleSystems":true},"in2DMode":false,"pivot":{"x":44.83491516113281,"y":17.34929084777832,"z":485.2414855957031},"rotation":{"x":0.06922641396522522,"y":0.02875560149550438,"z":-0.002818892477080226,"w":0.9975326657295227},"size":4.493542671203613,"orthographic":false}