{"cameraMode":{"drawMode":0,"name":"Shaded","section":"Shading Mode"},"sceneLighting":false,"audioPlay":false,"sceneViewState":{"showFog":true,"showMaterialUpdate":false,"showSkybox":false,"showFlares":true,"showImageEffects":true,"showParticleSystems":true},"in2DMode":false,"pivot":{"x":0.12946924567222596,"y":0.9825811386108398,"z":0.20870131254196168},"rotation":{"x":-0.07073178887367249,"y":0.023037301376461984,"z":-0.0016340028960257769,"w":-0.997229814529419},"size":1.1485280990600587,"orthographic":false}