{"cameraMode":{"drawMode":0,"name":"Shaded","section":"Shading Mode"},"sceneLighting":false,"audioPlay":false,"sceneViewState":{"showFog":true,"showMaterialUpdate":false,"showSkybox":false,"showFlares":true,"showImageEffects":true,"showParticleSystems":true},"in2DMode":false,"pivot":{"x":2.1610000133514406,"y":1.8940868377685547,"z":0.0},"rotation":{"x":-0.2520471513271332,"y":0.15774156153202058,"z":-0.041640132665634158,"w":-0.953963041305542},"size":0.4537729322910309,"orthographic":false}