{"cameraMode":{"drawMode":0,"name":"Shaded","section":"Shading Mode"},"sceneLighting":false,"audioPlay":false,"sceneViewState":{"showFog":true,"showMaterialUpdate":false,"showSkybox":false,"showFlares":true,"showImageEffects":true,"showParticleSystems":true},"in2DMode":false,"pivot":{"x":60.13941955566406,"y":0.0,"z":69.17423248291016},"rotation":{"x":-0.048194125294685367,"y":-0.9291011691093445,"z":-0.13523174822330476,"w":0.34208518266677859},"size":1.1529338359832764,"orthographic":false}