{"cameraMode":{"drawMode":0,"name":"Shaded","section":"Shading Mode"},"sceneLighting":false,"audioPlay":false,"sceneViewState":{"showFog":true,"showMaterialUpdate":false,"showSkybox":false,"showFlares":true,"showImageEffects":true,"showParticleSystems":true},"in2DMode":false,"pivot":{"x":0.0,"y":0.5126210451126099,"z":-0.015207827091217041},"rotation":{"x":0.2784828245639801,"y":0.027356235310435296,"z":-0.00799810141324997,"w":0.9601083993911743},"size":2.2610952854156496,"orthographic":false}