{"cameraMode":{"drawMode":0,"name":"Shaded","section":"Shading Mode"},"sceneLighting":false,"audioPlay":false,"sceneViewState":{"showFog":true,"showMaterialUpdate":true,"showSkybox":false,"showFlares":true,"showImageEffects":true,"showParticleSystems":true},"in2DMode":false,"pivot":{"x":78.8587875366211,"y":-1.8800005912780762,"z":-4.495051383972168},"rotation":{"x":0.13067083060741425,"y":-0.0297428909689188,"z":0.003893907880410552,"w":0.9910084009170532},"size":3.054062604904175,"orthographic":false}