{"cameraMode":{"drawMode":0,"name":"Shaded","section":"Shading Mode"},"sceneLighting":true,"audioPlay":false,"sceneViewState":{"showFog":true,"showMaterialUpdate":false,"showSkybox":true,"showFlares":true,"showImageEffects":true,"showParticleSystems":true},"in2DMode":false,"pivot":{"x":-4.7103271484375,"y":1.2169113159179688,"z":2.742431640625},"rotation":{"x":-0.005188943352550268,"y":0.9489970207214356,"z":-0.015661505982279779,"w":-0.3148841857910156},"size":1.5057896375656129,"orthographic":true}