{"cameraMode":{"drawMode":0,"name":"Shaded","section":"Shading Mode"},"sceneLighting":false,"audioPlay":false,"sceneViewState":{"showFog":true,"showMaterialUpdate":false,"showSkybox":false,"showFlares":true,"showImageEffects":true,"showParticleSystems":true},"in2DMode":false,"pivot":{"x":0.590347170829773,"y":2.246999979019165,"z":-0.6460000276565552},"rotation":{"x":0.0509084016084671,"y":-0.7046476602554321,"z":0.050826944410800937,"w":0.7059128284454346},"size":1.7320537567138672,"orthographic":true}